,feature,correlation,mutual_info
1028,2s5s Spread_momentum_126d,-0.0035552204496705517,0.03708450498818827
115,macro_Industrial Production_pct_change,-0.008094397918733339,0.03146882276293983
1004,2s5s Spread_momentum_10d,-0.0019572109635543605,0.029068283595101718
1050,10s30s Spread_momentum_5d,-0.04664106298945466,0.028738430724141395
339,6-Month_dist_ma_1d,,0.028719611208722462
191,macro_WTI Crude Oil Price_dist_mean,-0.022916084096050875,0.028590364074771557
545,3-Year_pct_change_252d,-0.028454613336489805,0.02830750905803381
303,3-Month_rsi_10d,-0.013265222675026944,0.02769755371328575
1088,10s30s Spread_vol_252d,-0.013289782109830993,0.027450611625018162
166,macro_M1 Money Supply_level,-0.02227482692358366,0.027033675140706315
653,7-Year_pct_change_252d,-0.02387182725293178,0.026385609222012718
865,2s10s Spread_zscore_126d,0.011818444710656543,0.02605085685705788
221,macro_NASDAQ Volatility Index_zscore,-0.0023080038330083328,0.02595166320371689
992,2s5s Spread_ma_5d,-0.006940769161632308,0.025680283757536948
613,7-Year_pct_change_5d,0.001683730205245883,0.02555862546193577
931,3m10y Spread_pct_change_1d,0.03153092111803961,0.025062960430722647
88,macro_AA Corporate Spread_zscore,-0.014403162903311333,0.02472730582685756
222,macro_NASDAQ Volatility Index_dist_mean,0.0033614893671783173,0.024664632890153193
1108,2s5s_level,-0.007375476530933165,0.024211276923667313
25,macro_Fed Balance Sheet_zscore,-0.011232621712324026,0.024185109416171358
172,macro_MZM Money Supply_dist_mean,0.00401892958582467,0.023901757120100342
141,macro_Manufacturing Production_dist_mean,-0.017388546096148018,0.02346932534791346
390,1-Year_change_1d,-0.006185008722058772,0.023439164273116653
112,macro_Real GDP_zscore,0.017759271700220743,0.02323054548932646
1069,10s30s Spread_pct_change_63d,-0.02103068649798205,0.0229879344670465
658,7-Year_momentum_252d,-0.01852276174556816,0.022972030175774094
902,5s30s Spread_vol_21d,-0.035043803376776914,0.022960710107383875
907,5s30s Spread_pct_change_63d,0.0063731766856070775,0.022780720265112464
170,macro_MZM Money Supply_level,-0.01717489785819988,0.02259272025910608
1046,10s30s Spread_ma_5d,-0.021478668558167064,0.022446705749825213
186,macro_Dollar Index_pct_change,-0.008745590524619934,0.022327051497488704
211,macro_Oil VIX_dist_mean,0.0326533557969484,0.02231218652586442
631,7-Year_dist_ma_21d,-0.002302208187669288,0.02226870346350207
457,2-Year_rsi_5d,-0.006111530571117048,0.02165946973491195
397,1-Year_pct_change_5d,-0.018332579261644402,0.021629413476232706
1115,10s30s_carry_return_5d,-0.021480102066225384,0.021300747717416968
755,20-Year_dist_ma_126d,-0.021451055954728442,0.021228613864819224
394,1-Year_momentum_1d,-0.006185008722058772,0.021098167067727047
590,5-Year_change_126d,-0.008911533585550474,0.020913103699352398
59,macro_10Y TIPS Rate_level,0.013608237085671021,0.020902400712939695
466,2-Year_change_21d,-0.02297335098571719,0.02071332650472968
187,macro_Dollar Index_dist_mean,0.02177767042982392,0.020662608408691163
798,30-Year_change_63d,-0.024112470704016304,0.02058308727958469
1110,2s5s_carry_return_5d,-0.006910029749808215,0.020543121842244716
308,3-Month_vol_21d,0.008540852978939029,0.02042275888837164
874,2s10s Spread_momentum_252d,0.007039131557005183,0.02041459000360568
1089,10s30s Spread_zscore_252d,-0.022444762555040704,0.02039155608390164
987,2s5s Spread_dist_ma_1d,,0.02038686082946839
757,20-Year_zscore_126d,-0.018527040227694958,0.020260806057475378
478,2-Year_vol_63d,-0.0015105571115500067,0.02006327911535699
378,6-Month_vol_126d,0.00721937933560427,0.02000512461289805
963,3m10y Spread_dist_ma_63d,-0.005810192911816941,0.019870395259216522
249,macro_Leading Index_dist_mean,-0.016621143350058046,0.019723429106947243
105,macro_Nonfarm Payrolls_dist_mean,-0.0262819991855611,0.019671820181253352
534,3-Year_momentum_63d,-0.016346657851725704,0.01961551160330366
439,1-Year_dist_ma_252d,-0.011303740950325497,0.019560640794402673
190,macro_WTI Crude Oil Price_zscore,-0.025723821998704953,0.019480428026191987
413,1-Year_pct_change_21d,-0.03277150691531904,0.019472580325276212
593,5-Year_dist_ma_126d,-0.019038843332496506,0.019235040549435922
584,5-Year_ma_63d,0.022950336414699683,0.019114799104033686
953,3m10y Spread_pct_change_21d,0.0014626157446345565,0.01890489245617122
231,macro_10Y-3M Treasury Spread_level,-0.0040216221884314144,0.018829088926501925
832,2s10s Spread_vol_5d,-0.014615834159944892,0.018763676924161032
117,macro_Industrial Production_dist_mean,-0.019613669219973765,0.018749269009986413
469,2-Year_dist_ma_21d,-0.00925928538941844,0.018699194745993353
812,30-Year_momentum_126d,-0.011889969721029792,0.018660263934180854
801,30-Year_dist_ma_63d,-0.03519017057242767,0.018645483472474744
628,7-Year_change_21d,-0.010672037332570349,0.01862155143114297
290,3-Month_ma_5d,0.01580795429159018,0.018595578378366007
302,3-Month_momentum_10d,-0.0185758317706964,0.01852032794876024
138,macro_Manufacturing Production_level,-0.015084015131008618,0.018508154310070246
418,1-Year_momentum_21d,-0.03097850301179095,0.018393675507687668
901,5s30s Spread_dist_ma_21d,-0.009366001216517431,0.01825529345140442
477,2-Year_dist_ma_63d,-0.02933600886731646,0.018246087735659167
265,macro_Business Equipment Production_dist_mean,-0.020365049822754014,0.01824552511513655
536,3-Year_change_126d,-0.0074881751166990165,0.0180983675749804
205,macro_Gold VIX_pct_change,0.0122889415161593,0.018079056506716817
331,3-Month_dist_ma_252d,-0.008994497996414748,0.01786226248569367
217,macro_DJIA Volatility Index_zscore,-0.0019524177625170956,0.017780410641463185
353,6-Month_dist_ma_10d,-0.0037921807602629915,0.017773475438289665
770,30-Year_ma_1d,0.01026747730408826,0.0177380254638555
840,2s10s Spread_vol_10d,-0.018243335394715152,0.01739962046346477
126,macro_Building Permits_level,-0.01893056168547534,0.017338803653546897
1096,yield_pc2_var_ratio,,0.017178730578579327
1006,2s5s Spread_change_21d,0.0030200427829610147,0.017098585655449305
586,5-Year_vol_63d,-0.008169477445898512,0.01708615697775162
456,2-Year_momentum_5d,0.002835664277396085,0.01701004001214379
268,macro_Consumer Goods Production_zscore,0.006982837278237221,0.01695527763103044
990,2s5s Spread_change_5d,-0.012688427021358632,0.016863318883238776
573,5-Year_rsi_10d,-0.005072382694701946,0.016852528778404263
516,3-Year_vol_10d,-0.011605923485742266,0.01683721386172543
52,macro_10Y Breakeven Inflation_pct_change,-0.022705863213088515,0.01683065833352515
35,macro_Core CPI_level,-0.011403994129381152,0.016771478821282493
209,macro_Oil VIX_pct_change,0.0002599270905483367,0.016709368976687955
1063,10s30s Spread_dist_ma_21d,-0.05288455364007641,0.01669923671345863
574,5-Year_change_21d,-0.014842316197045978,0.016667348453291986
1026,2s5s Spread_vol_126d,-0.0062745162838351584,0.016599118068356233
943,3m10y Spread_rsi_5d,0.012080763082392337,0.016545602024284456
148,macro_Total Capacity Utilization_zscore,-0.02065541736393145,0.01654108492225781
1113,10s30s_level,-0.023865085072206135,0.0164718429100823
615,7-Year_dist_ma_5d,-0.00017539454436727385,0.016407924166688126
998,2s5s Spread_change_10d,-0.0019572109635543605,0.016226649205447252
408,1-Year_vol_10d,-0.003376114504330882,0.01616135413502917
434,1-Year_momentum_126d,-0.010914075320826933,0.016148073948531128
461,2-Year_dist_ma_10d,-0.0003977568348627752,0.016131832416149017
228,macro_Brazil VIX_pct_change,-0.007979372255268674,0.016114172798303628
1003,2s5s Spread_zscore_10d,-0.007844469009988404,0.01608713333834988
973,3m10y Spread_zscore_126d,-0.0011976234736992297,0.016017769703634777
78,macro_ICE BofA High Yield Spread_level,0.014945406911903377,0.016009720528025184
867,2s10s Spread_rsi_126d,0.005347147415909338,0.015981445954550644
741,20-Year_zscore_21d,0.0032453038312165584,0.01598077689105981
150,macro_Retail Inventories_level,-0.011192908291295272,0.015935833988908854
272,macro_Durable Materials Production_zscore,-0.027305141012261776,0.01592037556937953
10,is_day_before_holiday,-0.011705508573007922,0.01588954133285725
43,macro_Core PCE Price Index_level,-0.011431812582981931,0.015867837832368004
328,3-Month_change_252d,-0.0043299513293109946,0.015858045583660996
644,7-Year_change_126d,-0.007850424222365832,0.01583446156648538
206,macro_Gold VIX_zscore,0.007530675143446331,0.01580086947397419
1044,10s30s Spread_change_5d,-0.04664106298945466,0.01579730421091785
66,macro_PPI Final Demand_dist_mean,-0.016281300784527622,0.015622340893441944
711,10-Year_zscore_252d,-0.008259418526916536,0.015617946283378537
252,macro_Consumer Confidence_zscore,-0.013404113119677305,0.015436390306567738
765,20-Year_zscore_252d,-0.01013657834897832,0.015373672255399207
1000,2s5s Spread_ma_10d,-0.006764667968003039,0.015368945630944708
416,1-Year_vol_21d,-0.005327151618372697,0.015209454453553484
41,macro_PCE Price Index_zscore,-0.02764643316695261,0.015208382603237425
1040,10s30s Spread_ma_1d,-0.02370734930545132,0.015199865384835753
485,2-Year_dist_ma_126d,-0.014459651316913213,0.015147675364502788
548,3-Year_vol_252d,0.0052850274304281,0.01510401608880052
785,30-Year_dist_ma_10d,-0.006019852157218711,0.01509978785354349
84,macro_BBB Corporate Spread_zscore,0.011260977584055318,0.015062248468292516
276,macro_Nondurable Materials Production_zscore,-0.015575205546370095,0.01494551649027187
370,6-Month_vol_63d,0.0005008454965156737,0.014879876693496108
1059,10s30s Spread_rsi_10d,-0.038732533871528446,0.014851411519844149
64,macro_PPI Final Demand_pct_change,-0.009805739401629123,0.014828917715377976
1104,5s30s_carry,-0.012863061231549637,0.014794054213608021
178,macro_Total Bank Credit_pct_change,0.015335616758217879,0.014572053006438601
240,macro_10Y-Fed Funds Spread_pct_change,-0.017752844079955903,0.014570000551635154
7,is_quarter_end,-0.012849283696638266,0.014541030051794301
792,30-Year_ma_21d,0.010000762623744898,0.014522893109501389
220,macro_NASDAQ Volatility Index_pct_change,-0.001382852879296802,0.014488349310767035
1013,2s5s Spread_rsi_21d,0.004076890109491188,0.014481289166258904
1021,2s5s Spread_rsi_63d,0.007054183213672734,0.014461475836602844
836,2s10s Spread_change_10d,0.017584855885615414,0.014384386943397054
1052,10s30s Spread_change_10d,-0.04218171905094372,0.014365349186882703
289,3-Month_pct_change_5d,-0.002861848710223871,0.014319981028453554
215,macro_DJIA Volatility Index_level,-6.410654089827098e-05,0.014239339756231928
787,30-Year_zscore_10d,-0.0037662821660611355,0.014223709643379046
872,2s10s Spread_vol_252d,-0.022119906518818476,0.014138497934007788
878,5s30s Spread_ma_1d,-0.01283524613320937,0.014066901310568092
423,1-Year_dist_ma_63d,-0.030935442833206473,0.014050944180327818
504,3-Year_change_5d,-0.0011253707507650043,0.013944836907606728
781,30-Year_rsi_5d,-0.00931203856027304,0.013925511930721335
1064,10s30s Spread_vol_21d,-0.03860416775053032,0.013925441597443466
144,macro_Manufacturing Capacity Utilization_zscore,-0.026508014974772964,0.013918764926326155
499,3-Year_pct_change_1d,-0.01987570627656286,0.013844046746308791
949,3m10y Spread_zscore_10d,0.01565519993659825,0.013737649424921727
642,7-Year_momentum_63d,-0.014467788457143884,0.01366963413333977
1114,10s30s_carry,-0.02370618066869898,0.0136228117974877
470,2-Year_vol_21d,-0.002340477917756852,0.013599273993468941
246,macro_TED Spread_dist_mean,-0.01138052951526729,0.0135769751032635
702,10-Year_vol_126d,0.002472263949882273,0.013522588347495201
616,7-Year_vol_5d,-0.028418069338340655,0.013485648926156557
559,5-Year_pct_change_5d,-0.003317825557251082,0.01348352944482123
409,1-Year_zscore_10d,-0.0018140209464397037,0.013462909521778421
544,3-Year_change_252d,-0.017334012539181792,0.013454498237670975
550,3-Year_momentum_252d,-0.017334012539181792,0.013418306362767751
116,macro_Industrial Production_zscore,-0.018520635298130434,0.013387416506863481
188,macro_WTI Crude Oil Price_level,-0.0015762629247960307,0.013363711894774255
1016,2s5s Spread_ma_63d,-0.011161893008039733,0.013356001590277167
23,macro_Fed Balance Sheet_level,-0.018192993386661437,0.013350847068040572
686,10-Year_vol_21d,-0.007034734993501408,0.013348963914438627
820,30-Year_momentum_252d,-0.014160921278988322,0.013287845512070184
507,3-Year_dist_ma_5d,-0.010479289004741408,0.013256729053125582
816,30-Year_ma_252d,0.017057260167975506,0.013252228972236324
868,2s10s Spread_change_252d,0.007039131557005183,0.013192795772100752
135,macro_Durable Goods Orders_pct_change,-0.0023211195479826406,0.013173254966271308
254,macro_Consumer Expectations_level,-0.024620553120226877,0.013121480812481323
1082,10s30s Spread_momentum_126d,-0.023613980597252348,0.013066044245668706
541,3-Year_zscore_126d,-0.023748988972904304,0.013028600949703595
137,macro_Durable Goods Orders_dist_mean,-0.004388373949804328,0.012999384115905954
732,20-Year_vol_10d,-0.017885304042970625,0.012973903325008251
760,20-Year_change_252d,-0.014620039293109753,0.012942261681367029
913,5s30s Spread_rsi_63d,-0.0022556116502165584,0.012931916976834934
104,macro_Nonfarm Payrolls_zscore,-0.01937704426975522,0.012924427736140665
158,macro_Corporate Profits_level,-0.01854410844495396,0.012912110211888539
743,20-Year_rsi_21d,-0.01288972328856899,0.012898390197396026
788,30-Year_momentum_10d,-0.0016295336631193136,0.012848067306487465
538,3-Year_ma_126d,0.024482589234972367,0.012838252329911093
527,3-Year_rsi_21d,-0.027632746793257237,0.012827599912617949
828,2s10s Spread_change_5d,0.003972265281037,0.012821760963204198
976,3m10y Spread_change_252d,0.009522348101978636,0.012707031651237877
1005,2s5s Spread_rsi_10d,-0.004891683506749633,0.012704924665645656
75,macro_Aaa Corporate vs 10Y Treasury_pct_change,0.022253035314643364,0.01268144665702664
510,3-Year_momentum_5d,-0.0011253707507650043,0.012662117539585793
694,10-Year_vol_63d,-0.004712725708916057,0.012623739927779987
842,2s10s Spread_momentum_10d,0.017584855885615414,0.012600795533759701
410,1-Year_momentum_10d,-0.00546851177810997,0.012540808865876052
766,20-Year_momentum_252d,-0.014620039293109753,0.012426617962883135
343,6-Month_pct_change_5d,-0.016395568501305805,0.01242000066275839
248,macro_Leading Index_pct_change,-0.00929040753328559,0.012415316767679485
834,2s10s Spread_momentum_5d,0.003972265281037,0.012314040685271088
554,5-Year_ma_1d,0.016277595605408073,0.012303007288286594
626,7-Year_momentum_10d,0.0037975914979475477,0.012118414229588481
881,5s30s Spread_rsi_1d,0.04237037473618273,0.012096559492585257
3,month,-0.02391220758403074,0.012082101518672062
142,macro_Manufacturing Capacity Utilization_level,-0.01315203899512057,0.012001968247952632
420,1-Year_change_63d,-0.011024197719394864,0.011962272808619723
905,5s30s Spread_rsi_21d,0.004660946129248289,0.011952474587081596
320,3-Month_change_126d,-0.011643771135403852,0.011941167595725055
189,macro_WTI Crude Oil Price_pct_change,-0.017637075597197974,0.011897974371528619
804,30-Year_momentum_63d,-0.024112470704016304,0.011873341898803957
12,macro_Federal Funds Rate_level,0.00839183571792195,0.011744386904140924
928,5s30s Spread_momentum_252d,0.001601486010411757,0.011595699749157085
195,macro_USD/EUR Exchange Rate_dist_mean,-0.011650689223394994,0.011595081580212607
922,5s30s Spread_change_252d,0.001601486010411757,0.011551447374025692
241,macro_10Y-Fed Funds Spread_zscore,-0.01175184502887425,0.011522431768169916
701,10-Year_dist_ma_126d,-0.014690398027514888,0.011505254867400616
794,30-Year_vol_21d,-0.0009663012836085036,0.011502721665980431
1012,2s5s Spread_momentum_21d,0.0030200427829610147,0.011446691859354097
44,macro_Core PCE Price Index_pct_change,-0.019875512725565182,0.011443864102835377
451,2-Year_pct_change_5d,-0.00951182528942118,0.011421537278728522
15,macro_Federal Funds Rate_dist_mean,-0.0026926702227855516,0.011350030398089572
336,6-Month_change_1d,0.001787959885107454,0.011298440102128993
482,2-Year_change_126d,-0.0041109973943062135,0.011284362645793244
857,2s10s Spread_zscore_63d,0.01534075089487994,0.011259948742876169
581,5-Year_rsi_21d,-0.01971125579204984,0.011214680190026804
494,2-Year_vol_252d,0.01128998848407206,0.01118800526748931
736,20-Year_change_21d,-0.011760298055360536,0.011169752537722566
961,3m10y Spread_pct_change_63d,-0.017599964706280752,0.011145016432216437
908,5s30s Spread_ma_63d,-0.01051774136003675,0.011136907957030928
986,2s5s Spread_ma_1d,-0.007512666359811072,0.011125675283081726
32,macro_CPI All Items_pct_change,-0.034250538988376135,0.011113947895782239
26,macro_Fed Balance Sheet_dist_mean,-0.014150334614838523,0.011097704619275284
906,5s30s Spread_change_63d,-0.0037252539382811693,0.011065310782520044
871,2s10s Spread_dist_ma_252d,0.012826001807296126,0.011051922098763711
185,macro_Dollar Index_level,-0.011196225662117268,0.011035234013874629
1103,5s30s_level,-0.012914777573986383,0.010950430646971654
784,30-Year_ma_10d,0.010166732363276011,0.010947508336601963
441,1-Year_zscore_252d,-0.010672224381957363,0.010921673474309834
1036,2s5s Spread_momentum_252d,0.0016430773252633722,0.010879172222130862
203,macro_CNY/USD Exchange Rate_dist_mean,0.008708864002729104,0.010800095717216962
1037,2s5s Spread_rsi_252d,0.0016634214632923418,0.0107760993687398
375,6-Month_pct_change_126d,-0.01257144425200702,0.01076190759576523
684,10-Year_ma_21d,0.017282369002132335,0.010761629949655571
851,2s10s Spread_rsi_21d,0.020554301817360482,0.010745075103468338
134,macro_Durable Goods Orders_level,-0.021969658642552348,0.010723030871323758
428,1-Year_change_126d,-0.010914075320826933,0.010691429410213615
607,7-Year_pct_change_1d,0.012098398076309747,0.010683644030454076
471,2-Year_zscore_21d,-0.014210097935412313,0.01059800540585254
981,3m10y Spread_zscore_252d,0.00904207293425633,0.010550408334037975
599,5-Year_pct_change_252d,-0.028273277278693533,0.010535780802916506
532,3-Year_vol_63d,-0.005833453052016888,0.010495618242053695
937,3m10y Spread_pct_change_5d,0.0033823112309885823,0.01048244927685893
314,3-Month_ma_63d,0.023543428131263422,0.01047842338397853
140,macro_Manufacturing Production_zscore,-0.022112164373077555,0.010471774429087866
803,30-Year_zscore_63d,-0.027836965704191658,0.010392526431303395
831,2s10s Spread_dist_ma_5d,0.023312213807636272,0.010386123187327456
234,macro_10Y-3M Treasury Spread_dist_mean,-0.0005551204204433172,0.010356163196614254
634,7-Year_momentum_21d,-0.010672037332570349,0.010304009417038351
83,macro_BBB Corporate Spread_pct_change,0.018634411616823696,0.010291326793062439
164,macro_M2 Money Supply_zscore,0.004066716663449056,0.010267287094583466
174,macro_Monetary Base_pct_change,-0.0007702657306121303,0.01025934743971657
345,6-Month_dist_ma_5d,0.01019212842857459,0.010246012192574483
515,3-Year_dist_ma_10d,-0.001391595347020657,0.010234581962871303
372,6-Month_momentum_63d,-0.014438151089528234,0.010228660079508067
198,macro_JPY/USD Exchange Rate_zscore,-0.005987468622910652,0.010174802795285487
98,macro_Unemployment Rate_level,0.012729392728990334,0.010174028269720026
273,macro_Durable Materials Production_dist_mean,-0.01921467652108349,0.010108432143881352
1107,5s30s_carry_return_63d,-0.010510635654777742,0.010101431309088582
806,30-Year_change_126d,-0.011889969721029792,0.010054340618643742
296,3-Month_change_10d,-0.0185758317706964,0.01002893085358103
890,5s30s Spread_change_10d,-0.003373743679557279,0.010025854986487559
337,6-Month_pct_change_1d,0.0018229877095784143,0.010006352316668021
956,3m10y Spread_vol_21d,-0.013466944598625932,0.010004111532344595
464,2-Year_momentum_10d,-0.0021527576734000258,0.009993991489213094
237,macro_10Y-2Y Treasury Spread_zscore,0.010221230212480113,0.009988321518439314
674,10-Year_change_10d,0.011327267274635677,0.009962827098054738
145,macro_Manufacturing Capacity Utilization_dist_mean,-0.020537031501717894,0.009958633345938495
99,macro_Unemployment Rate_pct_change,0.027012666686150932,0.009870768813087238
915,5s30s Spread_pct_change_126d,0.002446767524617459,0.009846097907365348
49,macro_5Y Breakeven Inflation_zscore,-0.02013768613677204,0.009840615135439101
856,2s10s Spread_vol_63d,-0.028987715187756998,0.009836545796881424
300,3-Month_vol_10d,0.014072591834615606,0.009814555327932517
623,7-Year_dist_ma_10d,0.0025523761720286356,0.009766932262251338
282,3-Month_change_1d,-0.005033125326330354,0.009764275887425455
959,3m10y Spread_rsi_21d,-0.0028518913946056607,0.009687728433060983
227,macro_Brazil VIX_level,-0.012472817044191327,0.009678495499231943
175,macro_Monetary Base_zscore,-0.00373443928563395,0.009644155756018513
316,3-Month_vol_63d,-0.00096417578618742,0.009610077165087105
62,macro_10Y TIPS Rate_dist_mean,-0.014192178467805851,0.009529808732864353
324,3-Month_vol_126d,0.003885664048559529,0.00952291974990871
877,5s30s Spread_pct_change_1d,0.03858972689234257,0.009516696255010615
612,7-Year_change_5d,0.00031028477022248765,0.00948507539236676
490,2-Year_change_252d,-0.011961193953583287,0.009392202185567022
660,10-Year_change_1d,0.02857564773103808,0.009321118647224402
335,3-Month_rsi_252d,-0.007390235017211215,0.009258797212909009
256,macro_Consumer Expectations_zscore,-0.011565532852865655,0.00923960193848039
1072,10s30s Spread_vol_63d,-0.021880992590439217,0.009235111134480611
21,macro_Reverse Repo Rate_zscore,-0.02992446945083222,0.009228698909863553
1025,2s5s Spread_dist_ma_126d,-0.008347429164158586,0.009208225620896293
71,macro_Baa Corporate vs 10Y Treasury_pct_change,0.035316334191375386,0.009179812793225217
101,macro_Unemployment Rate_dist_mean,0.026313379544969335,0.009166423083396325
1081,10s30s Spread_zscore_126d,-0.03443671507181494,0.00916388015894043
821,30-Year_rsi_252d,-0.014145838666068099,0.00910740590088821
1083,10s30s Spread_rsi_126d,-0.020859305243915226,0.009104665971472414
974,3m10y Spread_momentum_126d,0.010379187689288511,0.009103525099657617
699,10-Year_pct_change_126d,-0.008693745203381412,0.009086560685417133
1056,10s30s Spread_vol_10d,-0.05779266354059623,0.00904730678070198
369,6-Month_dist_ma_63d,-0.02091762705772814,0.009036272664883604
1112,2s5s_carry_return_63d,-0.011106634819635528,0.00895760341714702
720,20-Year_change_5d,0.002112388969992313,0.008919516824063223
401,1-Year_zscore_5d,-0.009918006920460829,0.00890808842350399
505,3-Year_pct_change_5d,-0.008271430400814512,0.008904561297732982
358,6-Month_change_21d,-0.028398675019300008,0.008880388367413339
436,1-Year_change_252d,-0.008425964284142958,0.008840798447316445
664,10-Year_momentum_1d,0.02857564773103808,0.008833841675646603
618,7-Year_momentum_5d,0.00031028477022248765,0.008831878110863833
528,3-Year_change_63d,-0.016346657851725704,0.008804721274233707
786,30-Year_vol_10d,-0.0120859274248801,0.008798360799756821
1090,10s30s Spread_momentum_252d,-0.0017580149759716304,0.008783460105736829
909,5s30s Spread_dist_ma_63d,-0.013711604800160766,0.008760709684258572
236,macro_10Y-2Y Treasury Spread_pct_change,-0.010469012881188755,0.008734198159389805
73,macro_Baa Corporate vs 10Y Treasury_dist_mean,0.02237967480930724,0.00862016547767297
845,2s10s Spread_pct_change_21d,0.00952980442957867,0.00858805929679285
86,macro_AA Corporate Spread_level,0.004314494722139294,0.008572589846295386
258,macro_Real Retail Sales_level,-0.018333850554909825,0.008561390672808145
354,6-Month_vol_10d,0.0025430521454925252,0.008496289519805522
824,2s10s Spread_ma_1d,-0.004406065733143827,0.008481918869078342
458,2-Year_change_10d,-0.0021527576734000258,0.008476603671071281
155,macro_Wholesale Inventories_pct_change,-0.0036561754626323233,0.008476584637857165
1076,10s30s Spread_change_126d,-0.023613980597252348,0.00845365977401702
381,6-Month_rsi_126d,-0.010221472313356133,0.008388126306162924
380,6-Month_momentum_126d,-0.01195757729757228,0.008363485595111797
893,5s30s Spread_dist_ma_10d,-0.004041249379999817,0.008285016509455012
924,5s30s Spread_ma_252d,-0.014032745064426077,0.008218061528603826
403,1-Year_rsi_5d,-0.02047523514113312,0.008191120920034045
791,30-Year_pct_change_21d,-0.01387739001550824,0.00815077119902341
847,2s10s Spread_dist_ma_21d,0.015028048484660578,0.008086158751837047
713,10-Year_rsi_252d,-0.013804387994859927,0.00806924785116081
216,macro_DJIA Volatility Index_pct_change,-0.008823531261899796,0.008027128559512597
1039,10s30s Spread_pct_change_1d,-0.006999357194839298,0.008005386432190953
488,2-Year_momentum_126d,-0.0041109973943062135,0.00797722435791659
734,20-Year_momentum_10d,0.004066947746158915,0.007944202744434747
718,20-Year_momentum_1d,0.03276175642203842,0.007923426873254868
746,20-Year_ma_63d,0.01513759290437755,0.007918642455956082
578,5-Year_vol_21d,-0.0071345638976314804,0.007913140561259802
583,5-Year_pct_change_63d,-0.011758547227963129,0.007849735110657896
636,7-Year_change_63d,-0.014467788457143884,0.007845996619609608
294,3-Month_momentum_5d,0.0004971652202446878,0.00783232486173091
45,macro_Core PCE Price Index_zscore,0.0022843337099732876,0.007825768160612867
518,3-Year_momentum_10d,-0.0010767724905723516,0.007807428363066471
715,20-Year_pct_change_1d,0.03325326416650492,0.0077632947115313655
869,2s10s Spread_pct_change_252d,-0.0044271823848522325,0.00773199207107389
223,macro_Emerging Markets VIX_level,0.0044292918073260456,0.007729771151391951
253,macro_Consumer Confidence_dist_mean,-0.007290978063191783,0.007702999918263842
495,2-Year_zscore_252d,-0.01926083009345316,0.007701677113291616
53,macro_10Y Breakeven Inflation_zscore,-0.01869391569024358,0.007689453222682552
620,7-Year_change_10d,0.0037975914979475477,0.0076442363747109
641,7-Year_zscore_63d,-0.021155307651978813,0.0076207741334863854
716,20-Year_ma_1d,0.012171299638223566,0.007583256347089673
118,macro_Consumer Sentiment_level,0.003150984292967221,0.007559067827247468
22,macro_Reverse Repo Rate_dist_mean,-0.038002564472851386,0.007541241122176245
689,10-Year_rsi_21d,-0.0057046730802525715,0.007517875024534604
421,1-Year_pct_change_63d,-0.010707413920167238,0.0075101242102775245
706,10-Year_change_252d,-0.014302707361986345,0.007507944707459302
564,5-Year_momentum_5d,0.00040449880653727744,0.007489500266849802
529,3-Year_pct_change_63d,-0.018838161861039388,0.00748281049321875
374,6-Month_change_126d,-0.01195757729757228,0.007482797770312466
916,5s30s Spread_ma_126d,-0.009969344868017817,0.007457627490876639
671,10-Year_zscore_5d,0.021304628173836028,0.007455607938640085
130,macro_Retail Sales_level,-0.015077778099906507,0.00745191920343391
638,7-Year_ma_63d,0.02103817965658391,0.007443303594940609
480,2-Year_momentum_63d,-0.011943702441282105,0.0074271312111546806
55,macro_5Y Forward Inflation_level,-0.005660325480304612,0.0073846308913827485
815,30-Year_pct_change_252d,-0.01816661774921618,0.007370886743107263
9,is_holiday,-0.006747737284578093,0.007317474112652711
776,30-Year_ma_5d,0.010666137384475933,0.007243231081655921
102,macro_Nonfarm Payrolls_level,-0.015042797697096523,0.007222162030091184
1095,yield_pc1_var_ratio,,0.007140345730362707
838,2s10s Spread_ma_10d,-0.005546485996398361,0.0070892490029539346
425,1-Year_zscore_63d,-0.03166240825419954,0.007087472996063049
911,5s30s Spread_zscore_63d,0.0009508664695278895,0.007081973341925618
214,macro_Treasury VIX_dist_mean,-0.037634982222073496,0.00702147106382256
807,30-Year_pct_change_126d,-0.01212246729317442,0.0070132983118282866
708,10-Year_ma_252d,0.018829817984033926,0.006978114679559333
975,3m10y Spread_rsi_126d,0.010632342976276661,0.006967066995025029
213,macro_Treasury VIX_pct_change,-0.02466296521763957,0.006918656018563674
51,macro_10Y Breakeven Inflation_level,-0.02227300445816511,0.006911935714753348
363,6-Month_zscore_21d,-0.013139290839798649,0.006910704809854451
730,20-Year_ma_10d,0.01207575357508008,0.006904281828198577
837,2s10s Spread_pct_change_10d,-0.007616025356830173,0.006821704092230263
377,6-Month_dist_ma_126d,-0.014353683425409677,0.006789372526570858
154,macro_Wholesale Inventories_level,-0.008999767140256588,0.006741183443347509
1002,2s5s Spread_vol_10d,-0.011240713970932825,0.00673445579547316
512,3-Year_change_10d,-0.0010767724905723516,0.006717457261378179
114,macro_Industrial Production_level,-0.007894944239848468,0.00671270087599396
805,30-Year_rsi_63d,-0.019122377970887568,0.006711679495737144
520,3-Year_change_21d,-0.02136087558300853,0.006668592819488062
738,20-Year_ma_21d,0.012006331959221902,0.006664383714006128
106,macro_Initial Jobless Claims_level,0.003918648681110242,0.006648830747059797
502,3-Year_momentum_1d,-0.021496020735269416,0.006648462174941194
721,20-Year_pct_change_5d,0.005649976186860594,0.006628966954986382
202,macro_CNY/USD Exchange Rate_zscore,0.0071603513552447986,0.006612432779886213
566,5-Year_change_10d,0.00016634354772860293,0.006606478365494439
519,3-Year_rsi_10d,-0.010966206686282754,0.006604331695393206
417,1-Year_zscore_21d,-0.019354608327516266,0.006582799368375802
948,3m10y Spread_vol_10d,-0.033057576660475416,0.006577199668903688
531,3-Year_dist_ma_63d,-0.028377436214626985,0.006554837277415793
46,macro_Core PCE Price Index_dist_mean,-0.013228873408756359,0.006543101809932672
351,6-Month_pct_change_10d,-0.02067130206011223,0.006491491188093335
39,macro_PCE Price Index_level,-0.016459334733078822,0.0064899133412623655
447,2-Year_dist_ma_1d,,0.006468402573714727
802,30-Year_vol_63d,-0.0006103247745796527,0.006464746675255206
993,2s5s Spread_dist_ma_5d,-0.007680505505030369,0.006433235430522544
591,5-Year_pct_change_126d,-0.015961544152094775,0.006432274972281604
511,3-Year_rsi_5d,-0.00438348990903197,0.006382990028630964
598,5-Year_change_252d,-0.019899033558263685,0.006380510060650657
814,30-Year_change_252d,-0.014160921278988322,0.006378007965579968
608,7-Year_ma_1d,0.017059152204424683,0.0063637837774148664
1048,10s30s Spread_vol_5d,-0.04899926372263446,0.006350205295757583
735,20-Year_rsi_10d,0.004339518811550401,0.006334652017472742
742,20-Year_momentum_21d,-0.011760298055360536,0.00628450937575753
194,macro_USD/EUR Exchange Rate_zscore,-0.013064476120666373,0.0062809622301438495
1041,10s30s Spread_dist_ma_1d,,0.006248000759681016
960,3m10y Spread_change_63d,0.0006562351510533177,0.006237859166144943
250,macro_Consumer Confidence_level,0.005310265418815023,0.0062373733615253
50,macro_5Y Breakeven Inflation_dist_mean,-0.013786791276798613,0.006214355468448396
454,2-Year_vol_5d,-0.013948607954238242,0.006163606844606484
588,5-Year_momentum_63d,-0.015265183403185119,0.0060874573550737665
463,2-Year_zscore_10d,-0.009662621823119123,0.006055519401746423
167,macro_M1 Money Supply_pct_change,0.003477342698644789,0.006042145802644505
2,week_of_year,-0.02613596006430166,0.005977502591195005
1091,10s30s Spread_rsi_252d,-0.002528382576302753,0.005971170890054722
452,2-Year_ma_5d,0.017433356727367805,0.005956076758402595
771,30-Year_dist_ma_1d,,0.005953769700564493
582,5-Year_change_63d,-0.015265183403185119,0.005918348494982517
677,10-Year_dist_ma_10d,0.013863939333553567,0.005871598586828952
100,macro_Unemployment Rate_zscore,0.03243730072706996,0.00583702607339287
125,macro_Housing Starts_dist_mean,0.00542091890589378,0.005827666321815528
848,2s10s Spread_vol_21d,-0.032553760082410524,0.005806972384665876
1010,2s5s Spread_vol_21d,-0.019968803292230032,0.005764628310668485
970,3m10y Spread_ma_126d,-0.009583964868346503,0.005760410395637905
208,macro_Oil VIX_level,-0.005406980151670923,0.005704260929834781
1045,10s30s Spread_pct_change_5d,-0.048259136821182866,0.005683255677973342
127,macro_Building Permits_pct_change,-0.0003692022537416879,0.00567301181515667
321,3-Month_pct_change_126d,-0.00974471725735178,0.005670544406252809
621,7-Year_pct_change_10d,-0.002256717075061674,0.0056637874087277496
1042,10s30s Spread_momentum_1d,-0.00012401050012456465,0.005650173053255436
396,1-Year_change_5d,-0.0052808987206821745,0.005592636597737233
450,2-Year_change_5d,0.002835664277396085,0.005563111273567678
1068,10s30s Spread_change_63d,-0.02722271669747553,0.0055332043186124835
577,5-Year_dist_ma_21d,-0.00465521193729055,0.005519359688191727
243,macro_TED Spread_level,0.01672047805977314,0.0055040829330756935
745,20-Year_pct_change_63d,-0.016251166782484155,0.005424548873607549
48,macro_5Y Breakeven Inflation_pct_change,-0.029419298275116117,0.0053972562608937125
619,7-Year_rsi_5d,0.0006548067759411451,0.005359894633480522
69,macro_PPI Finished Goods_dist_mean,-0.007048349726663134,0.0053597629065409436
286,3-Month_momentum_1d,-0.005033125326330354,0.005359248543868489
96,macro_CMBS Spread_zscore,-0.006582374861200285,0.00533349297394814
344,6-Month_ma_5d,0.01812748790520817,0.005324799388043644
557,5-Year_rsi_1d,0.006011912136637615,0.0053237895912792155
143,macro_Manufacturing Capacity Utilization_pct_change,-0.007341516721993412,0.005310979432985086
226,macro_Emerging Markets VIX_dist_mean,-0.005012701015186958,0.0052633008244598045
484,2-Year_ma_126d,0.021825463357146774,0.005251062459013411
876,5s30s Spread_change_1d,0.0604272690843562,0.00523696391420625
1001,2s5s Spread_dist_ma_10d,-0.007377669896849741,0.005227665581626795
652,7-Year_change_252d,-0.01852276174556816,0.0052102609518058784
712,10-Year_momentum_252d,-0.014302707361986345,0.005195958799255607
279,macro_Final Products Production_pct_change,0.002448773371073345,0.005192183583620391
731,20-Year_dist_ma_10d,0.0025342853063793783,0.00519154137797706
509,3-Year_zscore_5d,-0.011908728444112214,0.005163462689617759
387,6-Month_zscore_252d,-0.008396461796535346,0.005163369430476905
1020,2s5s Spread_momentum_63d,0.003079685407954605,0.005098481103851249
882,5s30s Spread_change_5d,-0.00933293568522146,0.005073192697026663
36,macro_Core CPI_pct_change,-0.015880294129069047,0.005069027811233973
383,6-Month_pct_change_252d,-0.0017666202087501782,0.005040097054679116
923,5s30s Spread_pct_change_252d,-0.0005790688939979036,0.004962373714537449
604,5-Year_momentum_252d,-0.019899033558263685,0.004907038012635034
744,20-Year_change_63d,-0.02008560629724893,0.0048225296156658715
224,macro_Emerging Markets VIX_pct_change,-0.0007832874528098035,0.004810122306959208
1055,10s30s Spread_dist_ma_10d,-0.05502322010516662,0.00479781307241911
646,7-Year_ma_126d,0.019133226136720714,0.0047890455761558925
219,macro_NASDAQ Volatility Index_level,0.0027243871162460965,0.004780408525461688
764,20-Year_vol_252d,5.407370295660796e-05,0.004724637823020572
327,3-Month_rsi_126d,-0.011787108905163672,0.004689268805284641
366,6-Month_change_63d,-0.014438151089528234,0.00468493237594636
385,6-Month_dist_ma_252d,-0.011075346731835196,0.004643500272273116
918,5s30s Spread_vol_126d,-0.03183468895558174,0.004621373108744109
654,7-Year_ma_252d,0.02092924091571256,0.004615441242298068
852,2s10s Spread_change_63d,0.008783985996677967,0.0046045718877207875
432,1-Year_vol_126d,0.0050606471644587675,0.0045969399494119045
965,3m10y Spread_zscore_63d,-0.0002486362759098086,0.004544848074668373
1118,3m10y_level,-0.001097626145048013,0.004512068926675106
809,30-Year_dist_ma_126d,-0.025935212433025632,0.004498547136678965
1031,2s5s Spread_pct_change_252d,-0.01608782631061125,0.004493856789618
424,1-Year_vol_63d,0.0030447843284916666,0.00448438874190682
561,5-Year_dist_ma_5d,-0.00335605064888493,0.0044275299556515435
1073,10s30s Spread_zscore_63d,-0.03636248785587675,0.0043957800888092535
576,5-Year_ma_21d,0.018768224171637087,0.004391345461754348
483,2-Year_pct_change_126d,-0.022176499265190434,0.004338824704141153
334,3-Month_momentum_252d,-0.0043299513293109946,0.004209081417880789
719,20-Year_rsi_1d,0.02618699898725437,0.004095661884381485
978,3m10y Spread_ma_252d,-0.017607096003411975,0.00407436986296883
1017,2s5s Spread_dist_ma_63d,-0.00332008158144669,0.004063757831405113
725,20-Year_zscore_5d,0.015026872503359146,0.004059336734848706
261,macro_Real Retail Sales_dist_mean,-0.00869233605527329,0.0040348960377531995
1049,10s30s Spread_zscore_5d,-0.02620639782206326,0.003995217889862346
818,30-Year_vol_252d,0.0023673519061272377,0.003981600104446592
501,3-Year_dist_ma_1d,,0.003948997149799904
639,7-Year_dist_ma_63d,-0.023692661885763754,0.003931750948575008
210,macro_Oil VIX_zscore,0.036477732308864176,0.003925186656695168
562,5-Year_vol_5d,-0.02280180074695706,0.003893351187421956
443,1-Year_rsi_252d,-0.00759788651561075,0.003871527449713419
779,30-Year_zscore_5d,0.007304327144047771,0.0038580181427416704
406,1-Year_ma_10d,0.02077845125783766,0.003851666989543645
81,macro_ICE BofA High Yield Spread_dist_mean,0.010345356125629519,0.003847133965672711
692,10-Year_ma_63d,0.017263949146871658,0.003836533589346658
360,6-Month_ma_21d,0.021344018239321746,0.0038071730509265933
681,10-Year_rsi_10d,0.007272952843874037,0.003806752251059642
269,macro_Consumer Goods Production_dist_mean,0.008356883193618917,0.00379753039959585
640,7-Year_vol_63d,-0.006565926833320643,0.003783327595055397
18,macro_Fed Funds Target Upper_dist_mean,0.006435530290617098,0.003766594148405744
830,2s10s Spread_ma_5d,-0.005641996621672955,0.003753191328472738
925,5s30s Spread_dist_ma_252d,-0.00803893781467913,0.003749232969951777
1033,2s5s Spread_dist_ma_252d,0.004963742665229352,0.0037054570220735883
153,macro_Retail Inventories_dist_mean,0.01213378527242773,0.0036897101602280102
539,3-Year_dist_ma_126d,-0.016996185890239764,0.003663449203561875
79,macro_ICE BofA High Yield Spread_pct_change,0.014363789042438077,0.003623337525167969
572,5-Year_momentum_10d,0.00016634354772860293,0.00361091997079388
680,10-Year_momentum_10d,0.011327267274635677,0.003529814281560739
371,6-Month_zscore_63d,-0.028649786992687564,0.003528696825738642
433,1-Year_zscore_126d,-0.02637624113438927,0.003515173938805738
903,5s30s Spread_zscore_21d,0.0014060872411180705,0.0034839595320432792
659,7-Year_rsi_252d,-0.018645947855969035,0.003458221519886173
262,macro_Business Equipment Production_level,-0.016432120018308977,0.003434744771253051
496,2-Year_momentum_252d,-0.011961193953583287,0.003392079984370966
162,macro_M2 Money Supply_level,-0.020185114226026434,0.0033894359404662566
989,2s5s Spread_rsi_1d,-0.004849235504297295,0.003359884139993774
90,macro_A Corporate Spread_level,0.006650952002716954,0.003332608802668169
813,30-Year_rsi_126d,-0.006929835897221132,0.003323830649047288
491,2-Year_pct_change_252d,-0.021335731066741397,0.003297410117616195
63,macro_PPI Final Demand_level,-0.01772348068018828,0.0032535518176528555
808,30-Year_ma_126d,0.019840023321334853,0.0032484749314969363
971,3m10y Spread_dist_ma_126d,-0.0012476962456281358,0.003247234377705688
917,5s30s Spread_dist_ma_126d,-0.011965081188426532,0.003246220093529928
474,2-Year_change_63d,-0.011943702441282105,0.003234407111677662
667,10-Year_pct_change_5d,0.013543272494992098,0.0032274041079896065
376,6-Month_ma_126d,0.025759526188935747,0.003154635688119356
979,3m10y Spread_dist_ma_252d,0.011079526364114913,0.0031410390665262966
91,macro_A Corporate Spread_pct_change,0.0038635818626781464,0.003101880000467183
1121,3m10y_carry_return_21d,-0.0038557422971008033,0.0030965203932176166
819,30-Year_zscore_252d,-0.011270500099427327,0.003074540656422542
465,2-Year_rsi_10d,-0.012070194841138035,0.0030478250457610656
212,macro_Treasury VIX_level,-0.003959500766223535,0.0030286510637074215
110,macro_Real GDP_level,-0.014482590579682424,0.003018552266066621
968,3m10y Spread_change_126d,0.010379187689288511,0.002993074877283952
445,2-Year_pct_change_1d,-0.01608520675000277,0.002981236317179281
183,macro_CBOE VIX_zscore,-0.0006258322190812202,0.002974435549783827
247,macro_Leading Index_level,-0.024654870260432067,0.0029737036609827072
326,3-Month_momentum_126d,-0.011643771135403852,0.0029089787375209397
603,5-Year_zscore_252d,-0.018786069918300376,0.0028872888018174336
230,macro_Brazil VIX_dist_mean,-0.005887627890332873,0.0028829009305528785
132,macro_Retail Sales_zscore,-0.0060849506163343225,0.0028766867742984203
235,macro_10Y-2Y Treasury Spread_level,0.002898117244814355,0.002859903731378566
402,1-Year_momentum_5d,-0.0052808987206821745,0.002837346121608242
1054,10s30s Spread_ma_10d,-0.018505879911050963,0.0028296484791896503
199,macro_JPY/USD Exchange Rate_dist_mean,0.0002761534864333091,0.002808876949804251
201,macro_CNY/USD Exchange Rate_pct_change,-0.01669177022676457,0.002787792272974876
448,2-Year_momentum_1d,-0.012398225327540233,0.0027576287532591337
569,5-Year_dist_ma_10d,0.0006167892668259142,0.0027151411992729635
942,3m10y Spread_momentum_5d,0.014010812936821665,0.0026521412371618425
543,3-Year_rsi_126d,-0.013612665343648415,0.002649068268874011
151,macro_Retail Inventories_pct_change,0.01727480126325627,0.002574847191906926
549,3-Year_zscore_252d,-0.02292367423831361,0.0025726657422699972
460,2-Year_ma_10d,0.017339703377776225,0.002557583015065923
688,10-Year_momentum_21d,-0.0030628182736853887,0.002543176617054499
197,macro_JPY/USD Exchange Rate_pct_change,-0.02495069970032585,0.0025062915158571286
120,macro_Consumer Sentiment_zscore,-0.014496343181468859,0.0024818013024372476
707,10-Year_pct_change_252d,-0.02010346252279298,0.0024664548810342524
467,2-Year_pct_change_21d,-0.03485541674245996,0.0024566275461532783
429,1-Year_pct_change_126d,-0.014498527743621531,0.0024355333460714945
475,2-Year_pct_change_63d,-0.016340833338316034,0.0024262242987731497
995,2s5s Spread_zscore_5d,-0.0024093028012234586,0.0024213293175892048
879,5s30s Spread_dist_ma_1d,,0.002366094042584699
1034,2s5s Spread_vol_252d,-0.014253883371050161,0.0023632471481587203
121,macro_Consumer Sentiment_dist_mean,-0.012248442773383182,0.002344481566993295
866,2s10s Spread_momentum_126d,0.003919723583800806,0.0023205800860646164
489,2-Year_rsi_126d,-0.00947648512989707,0.002312282425712908
849,2s10s Spread_zscore_21d,0.01843181563824692,0.002303750616598599
517,3-Year_zscore_10d,-0.006069990165509457,0.0023005124631305662
1023,2s5s Spread_pct_change_126d,-0.02180280221811095,0.0022733160161001464
427,1-Year_rsi_63d,-0.015532022853178057,0.002263133655356242
985,2s5s Spread_pct_change_1d,-0.005743875987992646,0.0022460462576869844
449,2-Year_rsi_1d,-0.002588093543301247,0.0022406917272297378
119,macro_Consumer Sentiment_pct_change,-0.017748379448267244,0.0022385424352080463
31,macro_CPI All Items_level,-0.01677789406619967,0.0022191318199356047
524,3-Year_vol_21d,-0.0010380320906585073,0.0022083254939628816
1062,10s30s Spread_ma_21d,-0.01603424250188831,0.002182171971696789
1078,10s30s Spread_ma_126d,-0.010996835109905307,0.0021411665240620437
693,10-Year_dist_ma_63d,-0.02024713299411875,0.0020443519614996575
817,30-Year_dist_ma_252d,-0.016569805009822143,0.0020316815671792554
156,macro_Wholesale Inventories_zscore,0.001489223360468383,0.00202783679223284
264,macro_Business Equipment Production_zscore,-0.026263875879848093,0.002026939696097685
367,6-Month_pct_change_63d,-0.013796723048829796,0.002000056745842471
459,2-Year_pct_change_10d,-0.021297236770188396,0.001995496187269019
400,1-Year_vol_5d,0.006089437158247948,0.0019868450096707235
560,5-Year_ma_5d,0.017407288563746293,0.0019605048788360335
891,5s30s Spread_pct_change_10d,0.0011790493093631438,0.0019231128686731935
177,macro_Total Bank Credit_level,-0.009275817680981104,0.0018882293301265562
317,3-Month_zscore_63d,-0.014264436458897,0.001873986310588549
700,10-Year_ma_126d,0.017784261799980057,0.001838801429772552
1018,2s5s Spread_vol_63d,-0.020809832596580893,0.0018377548710954983
184,macro_CBOE VIX_dist_mean,0.0016560993381011789,0.0018309530165989685
57,macro_5Y Forward Inflation_zscore,-0.022662616164848,0.0018303650570432595
168,macro_M1 Money Supply_zscore,0.009438168518845427,0.0018043794750814968
790,30-Year_change_21d,-0.01567903599559575,0.0017921986514073396
592,5-Year_ma_126d,0.024525876582020455,0.001667008075671994
829,2s10s Spread_pct_change_5d,-0.00490049101931872,0.001604500181341173
1093,yield_pc2_slope,0.0021208706698235867,0.001598462051374483
687,10-Year_zscore_21d,0.01038549176032032,0.0015880967367012389
778,30-Year_vol_5d,-0.011715964428528604,0.0015682655645532506
763,20-Year_dist_ma_252d,-0.013588403420622924,0.0015451190107782509
297,3-Month_pct_change_10d,-0.021002181535130473,0.0014999050659225688
597,5-Year_rsi_126d,-0.01044594543381747,0.0014880172023357119
487,2-Year_zscore_126d,-0.02467791220905234,0.0014751318614161235
311,3-Month_rsi_21d,-0.018287084776164253,0.0014587038389448637
274,macro_Nondurable Materials Production_level,-0.004342753086740955,0.0014565389824738872
364,6-Month_momentum_21d,-0.028398675019300008,0.001434076542120799
886,5s30s Spread_vol_5d,-0.04255419899849849,0.001419934436388104
304,3-Month_change_21d,-0.016170128851954107,0.0013930606709147142
431,1-Year_dist_ma_126d,-0.015037119030286131,0.0013868386702302615
589,5-Year_rsi_63d,-0.014825625875848113,0.0013836664040924873
430,1-Year_ma_126d,0.025132850201555933,0.0013785276659543655
373,6-Month_rsi_63d,-0.016768275083706968,0.0013540210707230216
580,5-Year_momentum_21d,-0.014842316197045978,0.0012928536893026532
565,5-Year_rsi_5d,-0.0005876486925059297,0.0012828703196845481
926,5s30s Spread_vol_252d,-0.014920580053373541,0.0012385798374197066
839,2s10s Spread_dist_ma_10d,0.019616911592428957,0.0012311140318193026
1047,10s30s Spread_dist_ma_5d,-0.029018511477286398,0.0012308713990378806
1119,3m10y_carry,-0.001079441478385392,0.0011747752792583555
412,1-Year_change_21d,-0.03097850301179095,0.0011732007376430431
894,5s30s Spread_vol_10d,-0.04150447937204924,0.0010896825878869976
1074,10s30s Spread_momentum_63d,-0.02722271669747553,0.0010693639089023321
333,3-Month_zscore_252d,-0.007371861709121594,0.0010500308185887874
437,1-Year_pct_change_252d,-0.006224108103250524,0.0009984055207050702
724,20-Year_vol_5d,-0.017159205761712988,0.0009654143085837674
315,3-Month_dist_ma_63d,-0.022712151392921296,0.0009517309826545528
113,macro_Real GDP_dist_mean,-0.011048990497277544,0.0009241667017834132
947,3m10y Spread_dist_ma_10d,0.016730154825077184,0.0009210977565530243
399,1-Year_dist_ma_5d,-0.0004518983155176016,0.0009039089703453129
595,5-Year_zscore_126d,-0.0204840603504209,0.0008956407090021656
365,6-Month_rsi_21d,-0.031016489332504553,0.0008844971376378297
146,macro_Total Capacity Utilization_level,-0.013363595513754278,0.0008843288948279238
160,macro_Corporate Profits_zscore,-0.007175432647198184,0.0008740039724068893
72,macro_Baa Corporate vs 10Y Treasury_zscore,0.025558981287744604,0.0008653522010115822
305,3-Month_pct_change_21d,-0.019214832734500944,0.000828376752483706
169,macro_M1 Money Supply_dist_mean,-0.0022958365918906826,0.0008117389114215001
558,5-Year_change_5d,0.00040449880653727744,0.0007909332331372809
379,6-Month_zscore_126d,-0.021802722582780713,0.0007707618731549459
1097,yield_pc3_var_ratio,,0.0007469647958844305
1053,10s30s Spread_pct_change_10d,-0.040581811571337695,0.0007251017544902538
61,macro_10Y TIPS Rate_zscore,-0.016032873365521172,0.0007216937573701898
422,1-Year_ma_63d,0.024758623811885518,0.0007174305142925164
11,is_day_after_holiday,0.011609063675737248,0.0006473980233936416
204,macro_Gold VIX_level,0.0007934634508609827,0.0006375987264659599
672,10-Year_momentum_5d,0.010678783650803384,0.00048247908716003707
632,7-Year_vol_21d,-0.007774081684326505,0.00046950486368491084
614,7-Year_ma_5d,0.01751622716814839,0.00044275571659202484
553,5-Year_pct_change_1d,-0.011924892270940679,0.00039872399874507636
954,3m10y Spread_ma_21d,-0.0038585861609769087,0.0003763061821269176
756,20-Year_vol_126d,0.0029556607192847625,0.0003426037598712739
97,macro_CMBS Spread_dist_mean,-0.010009526131588868,0.00031735989642811546
0,day_of_week,-0.011097668069806945,0.0002928002759690074
525,3-Year_zscore_21d,-0.010059723665804592,0.0002877635723104177
1015,2s5s Spread_pct_change_63d,-0.0033907513232797923,0.0002843636935185856
630,7-Year_ma_21d,0.018805462529132597,0.0002716087931027289
38,macro_Core CPI_dist_mean,-0.012867288961341367,0.0002085431581635433
600,5-Year_ma_252d,0.02265568415361628,0.00020215715541027635
966,3m10y Spread_momentum_63d,0.0006562351510533177,0.00019771536355150943
861,2s10s Spread_pct_change_126d,-0.002193484636130996,0.00018239739497349916
94,macro_CMBS Spread_level,0.014442194521068754,0.0001761049268420578
889,5s30s Spread_rsi_5d,-0.006080474287347617,0.00016690528797180804
329,3-Month_pct_change_252d,-0.00011617751638459063,0.00016033446119667616
398,1-Year_ma_5d,0.020244231127130526,0.00012297412015627174
972,3m10y Spread_vol_126d,0.008224765428528865,9.062639830137442e-05
200,macro_CNY/USD Exchange Rate_level,0.016867616774478244,5.425494388600072e-05
255,macro_Consumer Expectations_pct_change,-0.0029297830992656014,0.0
977,3m10y Spread_pct_change_252d,-0.011408847443137724,0.0
257,macro_Consumer Expectations_dist_mean,-0.012956315972616216,0.0
245,macro_TED Spread_zscore,-0.0016128798010663806,0.0
244,macro_TED Spread_pct_change,-0.00610871379080925,0.0
259,macro_Real Retail Sales_pct_change,0.005598446033831396,0.0
251,macro_Consumer Confidence_pct_change,0.003712748163773621,0.0
673,10-Year_rsi_5d,0.008935953710750006,0.0
260,macro_Real Retail Sales_zscore,-0.00591615483718952,0.0
263,macro_Business Equipment Production_pct_change,-0.011889001753455744,0.0
969,3m10y Spread_pct_change_126d,-0.021807022826675997,0.0
980,3m10y Spread_vol_252d,-0.006471539031963741,0.0
967,3m10y Spread_rsi_63d,0.0011757562860540101,0.0
267,macro_Consumer Goods Production_pct_change,0.008608087299231343,0.0
964,3m10y Spread_vol_63d,-0.0029665789835669216,0.0
270,macro_Durable Materials Production_level,-0.011285493621501334,0.0
962,3m10y Spread_ma_63d,-0.007856940032083187,0.0
271,macro_Durable Materials Production_pct_change,-0.008070881658560711,0.0
266,macro_Consumer Goods Production_level,-0.017749528615134333,0.0
983,3m10y Spread_rsi_252d,0.007259259950027044,0.0
242,macro_10Y-Fed Funds Spread_dist_mean,-0.004785537742793986,0.0
982,3m10y Spread_momentum_252d,0.009522348101978636,0.0
1008,2s5s Spread_ma_21d,-0.007708353626932862,0.0
1007,2s5s Spread_pct_change_21d,-0.01503107893252881,0.0
179,macro_Total Bank Credit_zscore,-0.0017107311664592594,0.0
180,macro_Total Bank Credit_dist_mean,-0.00820400456022709,0.0
181,macro_CBOE VIX_level,0.006609296280824632,0.0
182,macro_CBOE VIX_pct_change,-0.0061823320678382615,0.0
192,macro_USD/EUR Exchange Rate_level,0.006687692642402552,0.0
193,macro_USD/EUR Exchange Rate_pct_change,0.037687541693666664,0.0
196,macro_JPY/USD Exchange Rate_level,-0.007687391563548744,0.0
999,2s5s Spread_pct_change_10d,-0.024257134624042335,0.0
997,2s5s Spread_rsi_5d,-0.01451765702164826,0.0
996,2s5s Spread_momentum_5d,-0.012688427021358632,0.0
207,macro_Gold VIX_dist_mean,0.005499951653727377,0.0
994,2s5s Spread_vol_5d,-0.013102759365760986,0.0
218,macro_DJIA Volatility Index_dist_mean,-0.0010603965660734057,0.0
225,macro_Emerging Markets VIX_zscore,-0.0026473194966173657,0.0
991,2s5s Spread_pct_change_5d,-0.009122969133239832,0.0
229,macro_Brazil VIX_zscore,-0.003236326066605395,0.0
232,macro_10Y-3M Treasury Spread_pct_change,-0.011869173682045767,0.0
988,2s5s Spread_momentum_1d,-0.005062369112395903,0.0
233,macro_10Y-3M Treasury Spread_zscore,-0.006343178832544433,0.0
238,macro_10Y-2Y Treasury Spread_dist_mean,0.013047047025049633,0.0
239,macro_10Y-Fed Funds Spread_level,-0.005841415502405524,0.0
984,2s5s Spread_change_1d,-0.005062369112395903,0.0
277,macro_Nondurable Materials Production_dist_mean,-0.017763188337026403,0.0
275,macro_Nondurable Materials Production_pct_change,-0.025192009000247324,0.0
955,3m10y Spread_dist_ma_21d,0.007885164399560607,0.0
958,3m10y Spread_momentum_21d,-0.0017535182976907335,0.0
309,3-Month_zscore_21d,-0.006816147440061952,0.0
293,3-Month_zscore_5d,-0.00044192517541558757,0.0
927,5s30s Spread_zscore_252d,-0.00474274988179953,0.0
295,3-Month_rsi_5d,-0.0022185131822007546,0.0
298,3-Month_ma_10d,0.017026333830745782,0.0
299,3-Month_dist_ma_10d,0.00042008842077805324,0.0
301,3-Month_zscore_10d,0.004612144830068626,0.0
306,3-Month_ma_21d,0.01823250547630426,0.0
921,5s30s Spread_rsi_126d,-0.009628371388861702,0.0
920,5s30s Spread_momentum_126d,-0.012597134055421042,0.0
919,5s30s Spread_zscore_126d,-0.006567032031815856,0.0
307,3-Month_dist_ma_21d,-0.008772590159527053,0.0
310,3-Month_momentum_21d,-0.016170128851954107,0.0
957,3m10y Spread_zscore_21d,0.011856191355618323,0.0
312,3-Month_change_63d,-0.014339124910980577,0.0
914,5s30s Spread_change_126d,-0.012597134055421042,0.0
313,3-Month_pct_change_63d,-0.006476522763404421,0.0
912,5s30s Spread_momentum_63d,-0.0037252539382811693,0.0
318,3-Month_momentum_63d,-0.014339124910980577,0.0
910,5s30s Spread_vol_63d,-0.030525426133526167,0.0
319,3-Month_rsi_63d,-0.01406474529816424,0.0
322,3-Month_ma_126d,0.022790071436778216,0.0
323,3-Month_dist_ma_126d,-0.012918430959717108,0.0
325,3-Month_zscore_126d,-0.010419819021756106,0.0
904,5s30s Spread_momentum_21d,-0.006291728267032312,0.0
929,5s30s Spread_rsi_252d,0.0006080789727472251,0.0
930,3m10y Spread_change_1d,0.034552605642877675,0.0
292,3-Month_vol_5d,0.00024498022025162787,0.0
932,3m10y Spread_ma_1d,-0.001167289314707515,0.0
278,macro_Final Products Production_level,0.0015541113129402772,0.0
280,macro_Final Products Production_zscore,-0.006613366839217489,0.0
281,macro_Final Products Production_dist_mean,-0.006990001871530409,0.0
952,3m10y Spread_change_21d,-0.0017535182976907335,0.0
951,3m10y Spread_rsi_10d,0.011208349202562107,0.0
950,3m10y Spread_momentum_10d,0.015238418658277702,0.0
283,3-Month_pct_change_1d,0.0031816794705472875,0.0
284,3-Month_ma_1d,0.01726875732859404,0.0
285,3-Month_dist_ma_1d,,0.0
946,3m10y Spread_ma_10d,-0.003247399971711225,0.0
945,3m10y Spread_pct_change_10d,0.0012715683278889662,0.0
944,3m10y Spread_change_10d,0.015238418658277702,0.0
287,3-Month_rsi_1d,0.006039878779611593,0.0
288,3-Month_change_5d,0.0004971652202446878,0.0
941,3m10y Spread_zscore_5d,0.022562009174185358,0.0
940,3m10y Spread_vol_5d,-0.02967933283070566,0.0
939,3m10y Spread_dist_ma_5d,0.018863101582190907,0.0
938,3m10y Spread_ma_5d,-0.002117202857604622,0.0
291,3-Month_dist_ma_5d,0.004745679895384018,0.0
936,3m10y Spread_change_5d,0.014010812936821665,0.0
935,3m10y Spread_rsi_1d,0.028526975773740366,0.0
934,3m10y Spread_momentum_1d,0.034552605642877675,0.0
933,3m10y Spread_dist_ma_1d,,0.0
1009,2s5s Spread_dist_ma_21d,0.0013070375677381233,0.0
173,macro_Monetary Base_level,-0.02564018872980701,0.0
176,macro_Monetary Base_dist_mean,-0.005580546922613308,0.0
54,macro_10Y Breakeven Inflation_dist_mean,-0.019249483116701292,0.0
33,macro_CPI All Items_zscore,-0.027710949654043724,0.0
1092,yield_pc1_level,0.01567286995258674,0.0
34,macro_CPI All Items_dist_mean,-0.024750481836237282,0.0
37,macro_Core CPI_zscore,-0.0026888626483069908,0.0
40,macro_PCE Price Index_pct_change,-0.025355418219660492,0.0
1087,10s30s Spread_dist_ma_252d,-0.025076354174479818,0.0
1086,10s30s Spread_ma_252d,-0.013557455816498087,0.0
1085,10s30s Spread_pct_change_252d,0.0027247868975847855,0.0
1084,10s30s Spread_change_252d,-0.0017580149759716304,0.0
42,macro_PCE Price Index_dist_mean,-0.019766820439419002,0.0
47,macro_5Y Breakeven Inflation_level,-0.013932705830727272,0.0
1080,10s30s Spread_vol_126d,-0.02630730285864422,0.0
30,macro_Commercial and Industrial Loans_dist_mean,0.0031205390713170524,0.0
1079,10s30s Spread_dist_ma_126d,-0.03647641480049228,0.0
56,macro_5Y Forward Inflation_pct_change,-0.02514488139687084,0.0
1077,10s30s Spread_pct_change_126d,-0.0174378842847059,0.0
58,macro_5Y Forward Inflation_dist_mean,-0.022788147249681538,0.0
1075,10s30s Spread_rsi_63d,-0.027130392107585142,0.0
60,macro_10Y TIPS Rate_pct_change,-0.01871509572930603,0.0
65,macro_PPI Final Demand_zscore,-0.018234332145326777,0.0
67,macro_PPI Finished Goods_level,-0.0047479686700308546,0.0
1071,10s30s Spread_dist_ma_63d,-0.042683899237605176,0.0
1070,10s30s Spread_ma_63d,-0.014121662010954068,0.0
68,macro_PPI Finished Goods_pct_change,-0.006679033327755145,0.0
1094,yield_pc3_curvature,-0.014338409833600452,0.0
29,macro_Commercial and Industrial Loans_zscore,0.014737347784898627,0.0
1011,2s5s Spread_zscore_21d,-0.003067867066525729,0.0
17,macro_Fed Funds Target Upper_pct_change,-0.004237861549644741,0.0
4,quarter,-0.014879611051665288,0.0
1120,3m10y_carry_return_5d,-0.0021245424396880925,0.0
5,year,-0.006266146179782973,0.0
6,is_month_end,-0.010084184457579198,0.0
1117,10s30s_carry_return_63d,-0.014128656107164298,0.0
1116,10s30s_carry_return_21d,-0.016016255236834673,0.0
8,is_year_end,-0.003737065398267015,0.0
13,macro_Federal Funds Rate_pct_change,-0.016669347311327305,0.0
14,macro_Federal Funds Rate_zscore,-0.00226380433803818,0.0
16,macro_Fed Funds Target Upper_level,0.007102588718924354,0.0
1111,2s5s_carry_return_21d,-0.007658339002371779,0.0
1109,2s5s_carry,-0.0072699522927257565,0.0
28,macro_Commercial and Industrial Loans_pct_change,0.02818149547315434,0.0
19,macro_Reverse Repo Rate_level,-0.022468287668645236,0.0
20,macro_Reverse Repo Rate_pct_change,0.002158708244954683,0.0
1106,5s30s_carry_return_21d,-0.01094913065594677,0.0
1105,5s30s_carry_return_5d,-0.012697842764170532,0.0
24,macro_Fed Balance Sheet_pct_change,0.005908639598361459,0.0
27,macro_Commercial and Industrial Loans_level,-0.00602106209645153,0.0
1102,2s10s_carry_return_63d,-0.00847679273701115,0.0
1101,2s10s_carry_return_21d,-0.005818296871732086,0.0
1100,2s10s_carry_return_5d,-0.005637219567599387,0.0
1099,2s10s_carry,-0.004395731852666241,0.0
1098,2s10s_level,-0.004322042782423074,0.0
70,macro_Baa Corporate vs 10Y Treasury_level,0.012481979230650182,0.0
1067,10s30s Spread_rsi_21d,-0.028434968553499397,0.0
1066,10s30s Spread_momentum_21d,-0.03394754515924688,0.0
149,macro_Total Capacity Utilization_dist_mean,-0.018667730188737516,0.0
129,macro_Building Permits_dist_mean,0.0048705130776353885,0.0
1035,2s5s Spread_zscore_252d,0.008203621175026236,0.0
131,macro_Retail Sales_pct_change,-0.009998166307131524,0.0
133,macro_Retail Sales_dist_mean,-0.03145756989721736,0.0
1032,2s5s Spread_ma_252d,-0.02028403511777181,0.0
136,macro_Durable Goods Orders_zscore,-0.010366423846019737,0.0
1030,2s5s Spread_change_252d,0.0016430773252633722,0.0
1029,2s5s Spread_rsi_126d,-0.002594140362965168,0.0
139,macro_Manufacturing Production_pct_change,-0.00832462038885774,0.0
1027,2s5s Spread_zscore_126d,4.161069915467772e-05,0.0
147,macro_Total Capacity Utilization_pct_change,-0.010273263267167813,0.0
1024,2s5s Spread_ma_126d,-0.01129340320676789,0.0
1065,10s30s Spread_zscore_21d,-0.043917451797848804,0.0
152,macro_Retail Inventories_zscore,0.01778230523967551,0.0
1022,2s5s Spread_change_126d,-0.0035552204496705517,0.0
157,macro_Wholesale Inventories_dist_mean,-0.001859758496218076,0.0
159,macro_Corporate Profits_pct_change,0.00907278807902656,0.0
1019,2s5s Spread_zscore_63d,-0.0013859880502212398,0.0
161,macro_Corporate Profits_dist_mean,-0.0025482399850603574,0.0
163,macro_M2 Money Supply_pct_change,0.011006043496994166,0.0
165,macro_M2 Money Supply_dist_mean,0.0029495882711240676,0.0
1014,2s5s Spread_change_63d,0.003079685407954605,0.0
171,macro_MZM Money Supply_pct_change,-0.0016332605457647447,0.0
332,3-Month_vol_252d,0.016087584353919653,0.0
128,macro_Building Permits_zscore,0.007245644744951524,0.0
1038,10s30s Spread_change_1d,-0.00012401050012456465,0.0
124,macro_Housing Starts_zscore,0.0049575856301095145,0.0
123,macro_Housing Starts_pct_change,0.00011185876756532223,0.0
74,macro_Aaa Corporate vs 10Y Treasury_level,0.007117428540295212,0.0
76,macro_Aaa Corporate vs 10Y Treasury_zscore,0.026853577963275494,0.0
77,macro_Aaa Corporate vs 10Y Treasury_dist_mean,0.027821905776690005,0.0
1061,10s30s Spread_pct_change_21d,-0.02853763990028882,0.0
1060,10s30s Spread_change_21d,-0.03394754515924688,0.0
80,macro_ICE BofA High Yield Spread_zscore,0.014981437614458507,0.0
1058,10s30s Spread_momentum_10d,-0.04218171905094372,0.0
1057,10s30s Spread_zscore_10d,-0.04751162996614608,0.0
82,macro_BBB Corporate Spread_level,0.011752435317112984,0.0
85,macro_BBB Corporate Spread_dist_mean,0.011482130705467714,0.0
87,macro_AA Corporate Spread_pct_change,-0.03720701384016714,0.0
89,macro_AA Corporate Spread_dist_mean,-0.0132177060573501,0.0
92,macro_A Corporate Spread_zscore,0.0011142090540005147,0.0
1051,10s30s Spread_rsi_5d,-0.049773981148147316,0.0
93,macro_A Corporate Spread_dist_mean,9.234399247330941e-05,0.0
95,macro_CMBS Spread_pct_change,-0.038179843352758557,0.0
103,macro_Nonfarm Payrolls_pct_change,-0.026699798182904834,0.0
107,macro_Initial Jobless Claims_pct_change,,0.0
108,macro_Initial Jobless Claims_zscore,0.01990216954233028,0.0
109,macro_Initial Jobless Claims_dist_mean,0.0253714778459575,0.0
1043,10s30s Spread_rsi_1d,-0.013987349094875296,0.0
111,macro_Real GDP_pct_change,0.014144340393609879,0.0
122,macro_Housing Starts_level,-0.020645903600439563,0.0
330,3-Month_ma_252d,0.026613813558277875,0.0
898,5s30s Spread_change_21d,-0.006291728267032312,0.0
338,6-Month_ma_1d,0.018170288454389564,0.0
579,5-Year_zscore_21d,-0.006290094754841247,0.0
570,5-Year_vol_10d,-0.018723010387131565,0.0
571,5-Year_zscore_10d,-0.00512677092096053,0.0
754,20-Year_ma_126d,0.016100943460140772,0.0
753,20-Year_pct_change_126d,-0.0111879198823587,0.0
752,20-Year_change_126d,-0.009914775310765846,0.0
751,20-Year_rsi_63d,-0.013832468547107372,0.0
750,20-Year_momentum_63d,-0.02008560629724893,0.0
749,20-Year_zscore_63d,-0.02155459743069056,0.0
748,20-Year_vol_63d,-0.000899352633670043,0.0
747,20-Year_dist_ma_63d,-0.029208629821260258,0.0
575,5-Year_pct_change_21d,-0.018474233658091987,0.0
585,5-Year_dist_ma_63d,-0.025626312908614307,0.0
758,20-Year_momentum_126d,-0.009914775310765846,0.0
587,5-Year_zscore_63d,-0.024994050912299177,0.0
594,5-Year_vol_126d,-0.0039862859593617584,0.0
596,5-Year_momentum_126d,-0.008911533585550474,0.0
740,20-Year_vol_21d,-0.0013032018913152982,0.0
739,20-Year_dist_ma_21d,-0.004020756798948563,0.0
737,20-Year_pct_change_21d,-0.010794554297968433,0.0
601,5-Year_dist_ma_252d,-0.01529898620853365,0.0
602,5-Year_vol_252d,-3.918209771406089e-05,0.0
605,5-Year_rsi_252d,-0.02167985378742928,0.0
733,20-Year_zscore_10d,0.005181152878852061,0.0
606,7-Year_change_1d,0.008530645939411186,0.0
568,5-Year_ma_10d,0.01761268630144794,0.0
759,20-Year_rsi_126d,-0.005278932173175655,0.0
533,3-Year_zscore_63d,-0.029522419448241553,0.0
773,30-Year_rsi_1d,0.014357729970371014,0.0
537,3-Year_pct_change_126d,-0.023136621941091517,0.0
783,30-Year_pct_change_10d,-0.002200342578950374,0.0
782,30-Year_change_10d,-0.0016295336631193136,0.0
540,3-Year_vol_126d,-0.005279524465036325,0.0
780,30-Year_momentum_5d,-0.004774180881526153,0.0
542,3-Year_momentum_126d,-0.0074881751166990165,0.0
546,3-Year_ma_252d,0.025148938708033794,0.0
777,30-Year_dist_ma_5d,0.0007567460115368213,0.0
547,3-Year_dist_ma_252d,-0.014427688930065087,0.0
775,30-Year_pct_change_5d,-0.0011622684007179449,0.0
774,30-Year_change_5d,-0.004774180881526153,0.0
772,30-Year_momentum_1d,0.023237727595466245,0.0
567,5-Year_pct_change_10d,-0.00793005187822756,0.0
551,3-Year_rsi_252d,-0.020758551892956133,0.0
552,5-Year_change_1d,-0.007740976275665296,0.0
769,30-Year_pct_change_1d,0.023479298802731252,0.0
768,30-Year_change_1d,0.023237727595466245,0.0
767,20-Year_rsi_252d,-0.014223763684864952,0.0
555,5-Year_dist_ma_1d,,0.0
556,5-Year_momentum_1d,-0.007740976275665296,0.0
1,day_of_month,-0.018561901435755878,0.0
563,5-Year_zscore_5d,0.0005665063216001318,0.0
762,20-Year_ma_252d,0.015374024056018544,0.0
761,20-Year_pct_change_252d,-0.01878868846741249,0.0
609,7-Year_dist_ma_1d,,0.0
610,7-Year_momentum_1d,0.008530645939411186,0.0
729,20-Year_pct_change_10d,0.002947235949442179,0.0
662,10-Year_ma_1d,0.018428124086860724,0.0
651,7-Year_rsi_126d,-0.007425063215634814,0.0
698,10-Year_change_126d,-0.005016359331886914,0.0
697,10-Year_rsi_63d,-0.009487237471601961,0.0
696,10-Year_momentum_63d,-0.01314087359001982,0.0
695,10-Year_zscore_63d,-0.01558862736133553,0.0
655,7-Year_dist_ma_252d,-0.01428335443759332,0.0
656,7-Year_vol_252d,0.0010966069858690283,0.0
657,7-Year_zscore_252d,-0.014639298925796851,0.0
691,10-Year_pct_change_63d,-0.008800856534224228,0.0
690,10-Year_change_63d,-0.01314087359001982,0.0
661,10-Year_pct_change_1d,0.029851856861543857,0.0
663,10-Year_dist_ma_1d,,0.0
728,20-Year_change_10d,0.004066947746158915,0.0
665,10-Year_rsi_1d,0.022733239242646728,0.0
685,10-Year_dist_ma_21d,0.005194506991637834,0.0
666,10-Year_change_5d,0.010678783650803384,0.0
683,10-Year_pct_change_21d,-0.0016500787234223174,0.0
682,10-Year_change_21d,-0.0030628182736853887,0.0
668,10-Year_ma_5d,0.01801035701882535,0.0
669,10-Year_dist_ma_5d,0.014864536019332495,0.0
679,10-Year_zscore_10d,0.010809594127715759,0.0
678,10-Year_vol_10d,-0.02458210113001237,0.0
670,10-Year_vol_5d,-0.025552463245696194,0.0
676,10-Year_ma_10d,0.017633510545458992,0.0
650,7-Year_momentum_126d,-0.007850424222365832,0.0
649,7-Year_zscore_126d,-0.016858406525238998,0.0
648,7-Year_vol_126d,-0.00042172408453911123,0.0
703,10-Year_zscore_126d,-0.012131489886620482,0.0
727,20-Year_rsi_5d,-0.0011371196978272656,0.0
726,20-Year_momentum_5d,0.002112388969992313,0.0
611,7-Year_rsi_1d,0.01521986424878649,0.0
617,7-Year_zscore_5d,0.005049375667020736,0.0
723,20-Year_dist_ma_5d,0.007915947448956573,0.0
722,20-Year_ma_5d,0.012157543499188884,0.0
622,7-Year_ma_10d,0.017470809099390815,0.0
624,7-Year_vol_10d,-0.01935759442815101,0.0
625,7-Year_zscore_10d,-0.003434306092948939,0.0
627,7-Year_rsi_10d,-0.00035969271391021865,0.0
717,20-Year_dist_ma_1d,,0.0
629,7-Year_pct_change_21d,-0.011439562446756481,0.0
714,20-Year_change_1d,0.03276175642203842,0.0
633,7-Year_zscore_21d,-0.0003241186166760416,0.0
635,7-Year_rsi_21d,-0.014899773796443964,0.0
637,7-Year_pct_change_63d,-0.010578808567724583,0.0
710,10-Year_vol_252d,0.002077992863299282,0.0
709,10-Year_dist_ma_252d,-0.00982233489384723,0.0
643,7-Year_rsi_63d,-0.011867372755518895,0.0
645,7-Year_pct_change_126d,-0.012395680444124169,0.0
647,7-Year_dist_ma_126d,-0.017751296305068213,0.0
705,10-Year_rsi_126d,-0.002364597648341177,0.0
704,10-Year_momentum_126d,-0.005016359331886914,0.0
535,3-Year_rsi_63d,-0.01956782045947443,0.0
530,3-Year_ma_63d,0.022238746157435138,0.0
900,5s30s Spread_ma_21d,-0.010977399164293668,0.0
858,2s10s Spread_momentum_63d,0.008783985996677967,0.0
870,2s10s Spread_ma_252d,-0.018195849499207488,0.0
362,6-Month_vol_21d,0.001460813823611765,0.0
368,6-Month_ma_63d,0.025274602327611174,0.0
382,6-Month_change_252d,-0.004849172434748699,0.0
384,6-Month_ma_252d,0.030135194945245115,0.0
386,6-Month_vol_252d,0.016615482120731263,0.0
864,2s10s Spread_vol_126d,-0.0224958562761658,0.0
863,2s10s Spread_dist_ma_126d,0.003521968844010932,0.0
862,2s10s Spread_ma_126d,-0.008359245903626576,0.0
860,2s10s Spread_change_126d,0.003919723583800806,0.0
859,2s10s Spread_rsi_63d,0.013851430989413846,0.0
388,6-Month_momentum_252d,-0.004849172434748699,0.0
359,6-Month_pct_change_21d,-0.0277112777093414,0.0
389,6-Month_rsi_252d,-0.004863667897597785,0.0
855,2s10s Spread_dist_ma_63d,0.0041087223334295144,0.0
854,2s10s Spread_ma_63d,-0.00848094276655463,0.0
853,2s10s Spread_pct_change_63d,0.016251864135061096,0.0
391,1-Year_pct_change_1d,-0.010200081521191968,0.0
392,1-Year_ma_1d,0.020186355779842464,0.0
850,2s10s Spread_momentum_21d,0.019478150810435926,0.0
393,1-Year_dist_ma_1d,,0.0
395,1-Year_rsi_1d,-0.002959441171182077,0.0
846,2s10s Spread_ma_21d,-0.005825410600572646,0.0
404,1-Year_change_10d,-0.00546851177810997,0.0
361,6-Month_dist_ma_21d,-0.02078508625022693,0.0
873,2s10s Spread_zscore_252d,0.016626847359124203,0.0
526,3-Year_momentum_21d,-0.02136087558300853,0.0
887,5s30s Spread_zscore_5d,0.042689669004536544,0.0
899,5s30s Spread_pct_change_21d,0.011877978266396506,0.0
675,10-Year_pct_change_10d,0.008348026295860924,0.0
897,5s30s Spread_rsi_10d,0.0033415149946867955,0.0
896,5s30s Spread_momentum_10d,-0.003373743679557279,0.0
895,5s30s Spread_zscore_10d,0.010183270979359883,0.0
340,6-Month_momentum_1d,0.001787959885107454,0.0
341,6-Month_rsi_1d,-0.02460581293424924,0.0
892,5s30s Spread_ma_10d,-0.01139262741743641,0.0
342,6-Month_change_5d,-0.0059342311533833745,0.0
346,6-Month_vol_5d,0.0015136424882464668,0.0
888,5s30s Spread_momentum_5d,-0.00933293568522146,0.0
347,6-Month_zscore_5d,0.00024753662554332647,0.0
357,6-Month_rsi_10d,-0.01577350602571992,0.0
885,5s30s Spread_dist_ma_5d,0.023229943937727385,0.0
884,5s30s Spread_ma_5d,-0.01270529015535017,0.0
883,5s30s Spread_pct_change_5d,-0.015145969295157127,0.0
348,6-Month_momentum_5d,-0.0059342311533833745,0.0
349,6-Month_rsi_5d,-0.014183699446732525,0.0
880,5s30s Spread_momentum_1d,0.0604272690843562,0.0
350,6-Month_change_10d,-0.018619985249307008,0.0
352,6-Month_ma_10d,0.019465523786108246,0.0
355,6-Month_zscore_10d,-0.005284040057225491,0.0
356,6-Month_momentum_10d,-0.018619985249307008,0.0
875,2s10s Spread_rsi_252d,0.0048228455036757704,0.0
844,2s10s Spread_change_21d,0.019478150810435926,0.0
843,2s10s Spread_rsi_10d,0.016014108669799975,0.0
405,1-Year_pct_change_10d,-0.01262638821598713,0.0
508,3-Year_vol_5d,-0.016135062286285203,0.0
481,2-Year_rsi_63d,-0.014235230317259226,0.0
486,2-Year_vol_126d,0.0007819206748835965,0.0
811,30-Year_zscore_126d,-0.023677768643833096,0.0
810,30-Year_vol_126d,0.005825031984873902,0.0
492,2-Year_ma_252d,0.026172958149446705,0.0
493,2-Year_dist_ma_252d,-0.01047830068336487,0.0
497,2-Year_rsi_252d,-0.013844668482671301,0.0
498,3-Year_change_1d,-0.021496020735269416,0.0
500,3-Year_ma_1d,0.015662554900331315,0.0
503,3-Year_rsi_1d,-0.014053039217720071,0.0
506,3-Year_ma_5d,0.01676257902369649,0.0
513,3-Year_pct_change_10d,-0.015456546370741295,0.0
841,2s10s Spread_zscore_10d,0.02521771738556452,0.0
800,30-Year_ma_63d,0.015028403003990972,0.0
799,30-Year_pct_change_63d,-0.021419209000355183,0.0
514,3-Year_ma_10d,0.016533054466394328,0.0
797,30-Year_rsi_21d,-0.015440005656172944,0.0
796,30-Year_momentum_21d,-0.01567903599559575,0.0
795,30-Year_zscore_21d,-0.005147229789327388,0.0
521,3-Year_pct_change_21d,-0.03160137259604441,0.0
793,30-Year_dist_ma_21d,-0.010472433083294118,0.0
522,3-Year_ma_21d,0.017685977518587682,0.0
523,3-Year_dist_ma_21d,-0.00724842824111058,0.0
789,30-Year_rsi_10d,0.00022502879917724844,0.0
479,2-Year_zscore_63d,-0.029602467214078877,0.0
476,2-Year_ma_63d,0.02184811512889177,0.0
473,2-Year_rsi_21d,-0.029599123641699972,0.0
472,2-Year_momentum_21d,-0.02297335098571719,0.0
407,1-Year_dist_ma_10d,0.001948672036851251,0.0
411,1-Year_rsi_10d,-0.011622249314510032,0.0
414,1-Year_ma_21d,0.021925709080084947,0.0
415,1-Year_dist_ma_21d,-0.012948155615419659,0.0
419,1-Year_rsi_21d,-0.0360904855656036,0.0
835,2s10s Spread_rsi_5d,0.004025009969626478,0.0
426,1-Year_momentum_63d,-0.011024197719394864,0.0
833,2s10s Spread_zscore_5d,0.03646972904333756,0.0
435,1-Year_rsi_126d,-0.009184992637371969,0.0
438,1-Year_ma_252d,0.030774296847699365,0.0
440,1-Year_vol_252d,0.013250205992552173,0.0
442,1-Year_momentum_252d,-0.008425964284142958,0.0
444,2-Year_change_1d,-0.012398225327540233,0.0
827,2s10s Spread_rsi_1d,0.04562702715096718,0.0
826,2s10s Spread_momentum_1d,0.05005996655538089,0.0
825,2s10s Spread_dist_ma_1d,,0.0
446,2-Year_ma_1d,0.0165576464222699,0.0
823,2s10s Spread_pct_change_1d,0.04170882933185618,0.0
822,2s10s Spread_change_1d,0.05005996655538089,0.0
453,2-Year_dist_ma_5d,-0.013371675805820259,0.0
455,2-Year_zscore_5d,-0.019085664911977992,0.0
462,2-Year_vol_10d,-0.010262549010514255,0.0
468,2-Year_ma_21d,0.01740193794657561,0.0
1122,3m10y_carry_return_63d,-0.00785412446230895,0.0
